{
  "version": 1,
  "author": "Anonymous maker",
  "editor": "wokwi",
  "parts": [
    { "type": "wokwi-breadboard-mini", "id": "bb1", "top": -59, "left": -60, "attrs": {} },
    {
      "type": "wokwi-esp32-devkit-v1",
      "id": "esp",
      "top": 139.1,
      "left": 14.2,
      "attrs": { "env": "micropython-20230426-v1.20.0" }
    },
    { "type": "wokwi-7segment", "id": "sevseg1", "top": -34.49, "left": 3.75, "attrs": {} }
  ],
  "connections": [
    [ "esp:TX0", "$serialMonitor:RX", "", [] ],
    [ "esp:RX0", "$serialMonitor:TX", "", [] ],
    [ "sevseg1:COM.1", "bb1:9b.h", "", [ "$bb" ] ],
    [ "sevseg1:COM.2", "bb1:9t.c", "", [ "$bb" ] ],
    [ "sevseg1:A", "bb1:10t.c", "", [ "$bb" ] ],
    [ "sevseg1:B", "bb1:11t.c", "", [ "$bb" ] ],
    [ "sevseg1:C", "bb1:10b.h", "", [ "$bb" ] ],
    [ "sevseg1:D", "bb1:8b.h", "", [ "$bb" ] ],
    [ "sevseg1:E", "bb1:7b.h", "", [ "$bb" ] ],
    [ "sevseg1:F", "bb1:8t.c", "", [ "$bb" ] ],
    [ "sevseg1:G", "bb1:7t.c", "", [ "$bb" ] ],
    [ "sevseg1:DP", "bb1:11b.h", "", [ "$bb" ] ],
    [ "sevseg1:G", "bb1:7t.b", "green", [ "v0" ] ],
    [ "sevseg1:F", "bb1:8t.b", "green", [ "v0" ] ],
    [ "sevseg1:A", "bb1:10t.b", "green", [ "v0" ] ],
    [ "sevseg1:B", "bb1:11t.b", "green", [ "v0" ] ],
    [ "sevseg1:E", "bb1:7b.i", "green", [ "v5.14", "h-0.1" ] ],
    [ "sevseg1:D", "bb1:8b.i", "green", [ "v0" ] ],
    [ "sevseg1:C", "bb1:10b.i", "green", [ "v0" ] ],
    [ "sevseg1:DP", "bb1:11b.i", "green", [ "v0" ] ],
    [ "bb1:7t.b", "bb1:6t.b", "green", [ "v0" ] ],
    [ "bb1:8t.a", "bb1:5t.a", "green", [ "v0" ] ],
    [ "bb1:6t.e", "bb1:6b.f", "green", [ "v0" ] ],
    [ "bb1:5t.e", "bb1:5b.f", "green", [ "v0" ] ],
    [ "bb1:5b.j", "esp:D27", "green", [ "v189.53", "h3.1" ] ],
    [ "bb1:6b.j", "esp:D26", "green", [ "v0" ] ],
    [ "sevseg1:COM.1", "bb1:9b.i", "green", [ "h0" ] ],
    [ "sevseg1:COM.2", "bb1:9t.a", "green", [ "h0" ] ],
    [ "esp:3V3", "esp:GND.1", "green", [ "v13.35", "h78.78" ] ],
    [ "esp:GND.1", "bb1:9b.j", "black", [ "h43.41", "v-189.36", "h-134.07", "v-9.87" ] ],
    [ "bb1:9t.a", "esp:GND.1", "green", [ "v-22.84", "h176.95", "v360.94", "h-5.67" ] ],
    [ "bb1:10t.a", "bb1:12t.a", "green", [ "v0" ] ],
    [ "bb1:12t.d", "bb1:12b.f", "green", [ "v0" ] ],
    [ "bb1:12b.i", "esp:D2", "green", [ "v69.36", "h77.71", "v23.74" ] ],
    [ "bb1:11t.b", "bb1:13t.b", "green", [ "v0" ] ],
    [ "bb1:13t.e", "bb1:13b.f", "green", [ "v0" ] ],
    [ "bb1:13b.i", "esp:D4", "green", [ "v77.61", "h59.85", "v47.48" ] ],
    [ "bb1:10b.j", "esp:D5", "green", [ "v68.01", "h106.2", "v18.58" ] ],
    [ "bb1:8b.j", "esp:D15", "green", [ "v63.89", "h116.11", "v156.89" ] ],
    [ "bb1:7b.j", "esp:D19", "green", [ "v0" ] ]
  ],
  "dependencies": {}
}